"Sequence","Score","hue","ID"
"TAATACGACTCACTATAGGGAGAACTTCGACCAGAAGUGCGCGCCCGAGCGCACAUUACGUAAAACUCCCCCCUACCTATGTGCGCATACATGGATCCTC",245.2,Positive,1
"TAATACGACTCACTATAGGGAGAACTTCGACCAGAAGUGCGCGCCCAGCGCACAUUACGCAACACUCCCCCCUGCCTATGTGCGCATACATGGATCCTC",231.0,Positive,2
"TAATACGACTCACTATAGGGAGAACTTCGACCAGAAGUGCGCGCCCAGCGCACAUUACGUAAAACUCCCCCCUACCTATGTGCGCATACATGGATCCTC",229.1,Positive,3
"TAATACGACTCACTATAGGGAGAACTTCGACCAGAAGUGCGCGCCCGAGCGCACAUUACGCAAAAUCCCCCCUGCCTATGTGCGCATACATGGATCCTC",190.7,Positive,4
"TAATACGACTCACTATAGGGAGAACTTCGACCAGAAGACACACAUUACGCGAAACUCGCCCCCGCCTATGTGCGCATACATGGATCCTC",183.3,Positive,5
"TAATACGACTCACTATAGGGAGAACTTCGACCAGAAGUGCGCGCCCAGCGCACAUUACGUAAAAACCCCCCUACCTATGTGCGCATACATGGATCCTC",151.6,Positive,6
"TAATACGACTCACTATAGGGAGAACTTCGACCAGAAGUGCGCGCCCGCGCGCACAUUACGCAACACUCCCCCCUGCCTATGTGCGCATACATGGATCCTC",134.9,Positive,7
"TAATACGACTCACTATAGGGAGAACTTCGACCAGAAGGCUGUGUCUACGUCCGGAUUGGGGACCUGCACGGCCCAUGTATGTGCGCATACATGGATCCTC",100,Positive,8
"TAATACGACTCACTATAGGGAGAACTTCGACCAGAAGUGCGCGACCGCGCGCACAUUACGCAACACCCCCCCUGCCTATGTGCGCATACATGGATCCTC",93.7,Positive,9
"TAATACGACTCACTATAGGGAGAACTTCGACCAGAAGACUCACAUUACGCAAAACUCGCCCCUGCCTATGTGCGCATACATGGATCCTC",86.9,Positive,10
"TAATACGACTCACTATAGGGAGAACTTCGACCAGAAGUGCGCGACCCGCGCCAUUACGCAACACCCCCCCUGCCTATGTGCGCATACATGGATCCTC",79.4,Positive,11
"TAATACGACTCACTATAGGGAGAACTTCGACCAGAAGUGCGCGACCGCGCGCACAUUACGCGAAACUCCCCCCCGCCTATGTGCGCATACATGGATCCTC",74.2,Positive,12
"TAATACGACTCACTATAGGGAGAACTTCGACCAGAAGUGCACGACGCUACGCCAAACUCCCCCCGGCCUGAUAAATATGTGCGCATACATGGATCCTC",57.7,Positive,13
"TAATACGACTCACTATAGGGAGAACTTCGACCAGAAGUGCGCGAGCAGCGCCAUUACGUAACACUCGCCCCCUACCTATGTGCGCATACATGGATCCTC",45.2,Positive,14
"TAATACGACTCACTATAGGGAGAACTTCGACCAGAAGUGCUCUAGCUACGCGAAAAUCCCCCCCGCCUGCAUGCGCACATATGTGCGCATACATGGATCCTC",23.0,Positive,15
"TAATACGACTCACTATAGGGAGAACTTCGACCAGAAGUCUCUGCUUACGCCAAAAUUCCCCCGGCCUAGCUUGGCUCGCUCTATGTGCGCATACATGGATCCTC",21.9,Positive,16
"TAATACGACTCACTATAGGGAGAACTTCGACCAGAAGUGCGCGAGCCGCGCACAUUACGUAAAAAAUCGACCCCUACCTATGTGCGCATACATGGATCCTC",13.5,Positive,17
"TAATACGACTCACTATAGGGAGAACTTCGACCAGAAGACUCACAUUACGUAAAAAUCGCCCCUACCTATGTGCGCATACATGGATCCTC",6.4,Positive,18
"TAATACGACTCACTATAGGGAGAACTTCGACCAGAAGUGCGCGAGCCGCGCCAUUACGCAACACUCGCCCCCUGCCTATGTGCGCATACATGGATCCTC",5.6,Positive,19
"TAATACGACTCACTATAGGGAGAACTTCGACCAGAAGUGCGCGAGGCCGCGCCAUUACGUAACACUCGACCCCUACCTATGTGCGCATACATGGATCCTC",3.2,Positive,20
"TAATACGACTCACTATAGGGAGAACTTCGACCAGAAGUCCGCACGCCAGCGCACAUUACGUAAAGAUCGCCCUACCTATGTGCGCATACATGGATCCTC",-5.2,Negative,21
"TAATACGACTCACTATAGGGAGAACTTCGACCAGAAGUGCGCUACUCUACGCUAAACUCCCCCCAGCCUGGAAATATGTGCGCATACATGGATCCTC",-7.3,Negative,22
"TAATACGACTCACTATAGGGAGAACTTCGACCAGAAGUGCGAUACGCGAAACGCUCCCCCGCCUUCCUAGTATGTGCGCATACATGGATCCTC",-7.3,Negative,23
"TAATACGACTCACTATAGGGAGAACTTCGACCAGAAGACGCCUACGCCAAAAGCCCCCCAGCCUGGCUUGGCGCGCACTATGTGCGCATACATGGATCCTC",-9.3,Negative,24
"TAATACGACTCACTATAGGGAGAACTTCGACCAGAAGUGCGCGUCACUACGCUAAAAUCCCCCCAGCCUGACAAATATGTGCGCATACATGGATCCTC",-10.0,Negative,25
"TAATACGACTCACTATAGGGAGAACTTCGACCAGAAGUGCUCGACACUACGCAACACUUCCCCCUGCCUGACAUATATGTGCGCATACATGGATCCTC",-12.1,Negative,26
"TAATACGACTCACTATAGGGAGAACTTCGACCAGAAGUUCGCUACGCGAAAGUUCCCCCCGCCUGGCGTATGTGCGCATACATGGATCCTC",-12.4,Negative,27
"TAATACGACTCACTATAGGGAGAACTTCGACCAGAAGUACACACCCCCCACCCCCCCCCCGCCCCCCCCCCCCCAAATATGTGCGCATACATGGATCCTC",-13.2,Negative,28
"TAATACGACTCACTATAGGGAGAACTTCGACCAGAAGUAAAACAGCUGCCCCCCCCCCAUCUGACCCGACGACCAACTATGTGCGCATACATGGATCCTC",-14.6,Negative,29
"TAATACGACTCACTATAGGGAGAACTTCGACCAGAAGUAACACAGCCCCACCCCUCGGACGACCGGAGGAAUAAAAATATGTGCGCATACATGGATCCTC",-14.9,Negative,30
"TAATACGACTCACTATAGGGAGAACTTCGACCAGAAGUGGAUACGCAAAAGCUCCCCCUGCCUUACATATGTGCGCATACATGGATCCTC",-16.1,Negative,31
"TAATACGACTCACTATAGGGAGAACTTCGACCAGAAGUUCGCUAGCGUACGCAAAACUCCCCCCUGCCUUGCAUGCGCUUATATGTGCGCATACATGGATCCTC",-16.9,Negative,32
"TAATACGACTCACTATAGGGAGAACTTCGACCAGAAGUUCGCUACGCAAAAGUUCCCCCUGCCUGGCGTATGTGCGCATACATGGATCCTC",-19.7,Negative,33
"TAATACGACTCACTATAGGGAGAACTTCGACCAGAAGUUCGCUACGCUAAAGCUCUCCCAGCCUGGCGTATGTGCGCATACATGGATCCTC",-21.6,Negative,34
"TAATACGACTCACTATAGGGAGAACTTCGACCAGAAGUCUACGUCAAACUCGCCCCGACCUGGCGTATGTGCGCATACATGGATCCTC",-21.9,Negative,35
"TAATACGACTCACTATAGGGAGAACTTCGACCAGAAGUACCACGCCCGCGCACAUUACGCGAAGAUCGCCCCGCCTATGTGCGCATACATGGATCCTC",-22.4,Negative,36
"TAATACGACTCACTATAGGGAGAACTTCGACCAGAAGUCCGCCAACCCCCCCCCUCCCCCACCCCCCCACCUCCAAATATGTGCGCATACATGGATCCTC",-22.5,Negative,37
"TAATACGACTCACTATAGGGAGAACTTCGACCAGAAGUACGACCAGCUACGCAACAGUUCUCCCUGCCUGATATGTGCGCATACATGGATCCTC",-22.9,Negative,38
"TAATACGACTCACTATAGGGAGAACTTCGACCAGAAGUCCGCCCGCCAGCGCACAUUACGCAAAGAUCGCCCUGCCTATGTGCGCATACATGGATCCTC",-25.7,Negative,39
"TAATACGACTCACTATAGGGAGAACTTCGACCAGAAGUCGCCUACGCAAAAAACUCCCCCUGCCUGUAUCACUCACTATGTGCGCATACATGGATCCTC",-28.5,Negative,40
"TAATACGACTCACTATAGGGAGAACTTCGACCAGAAGUCGCCCUGCGCACAUAACUACGCAAAACUCCCCCCCGCCATATGTGCGCATACATGGATCCTC",-30.5,Negative,41